algo,n_points,n_threads,time_ms
seq,500,1,2.59225
mst,500,1,4.36808
mst,500,2,2.48838
mst,500,4,1.37292
mst,500,8,1.00546
seq,1000,1,12.0809
mst,1000,1,9.80967
mst,1000,2,7.61408
mst,1000,4,4.79638
mst,1000,8,3.04675
seq,2000,1,33.3398
mst,2000,1,39.8722
mst,2000,2,29.7945
mst,2000,4,18.159
mst,2000,8,10.6834
seq,5000,1,319.661
mst,5000,1,256.444
mst,5000,2,194.852
mst,5000,4,117.287
mst,5000,8,68.034
