algo,n_points,n_threads,time_ms
seq,500,1,3.10141
mst,500,1,4.51871
mst,500,2,8.17732
mst,500,4,5.3601
mst,500,8,3.83605
seq,1000,1,27.0898
mst,1000,1,22.8091
mst,1000,2,17.2333
mst,1000,4,9.0909
mst,1000,8,6.14792
seq,2000,1,60.2069
mst,2000,1,75.9863
mst,2000,2,61.6427
mst,2000,4,32.9367
mst,2000,8,19.3123
seq,5000,1,406.378
mst,5000,1,331.234
mst,5000,2,288.227
mst,5000,4,198.237
mst,5000,8,126.518
